<?xml version="1.0" encoding="utf-8"?>
<UPbReduxFraction xmlns:xsi="http://www.w3.org/2001/XMLSchema-instance" xmlns:xsd="http://www.w3.org/2001/XMLSchema" xmlns="http://www.earth-time.org">
  <sampleName>CM1</sampleName>
  <fractionID>z7</fractionID>
  <ratioType>Pb</ratioType>
  <pedigree>Z:\noahmclean On My Mac\MIT\Redux Work\Synthetic Data\CM1\CM1 Data\CM1_z7_Pb.xls.trip</pedigree>
  <measuredRatios>
    <MeasuredRatioModel>
      <name>206_204</name>
      <value>3424.57030919666</value>
      <uncertaintyType>PCT</uncertaintyType>
      <oneSigma>0.403162280606056</oneSigma>
      <fracCorr>false</fracCorr>
      <oxideCorr>false</oxideCorr>
    </MeasuredRatioModel>
    <MeasuredRatioModel>
      <name>207_204</name>
      <value>173.885560473417</value>
      <uncertaintyType>PCT</uncertaintyType>
      <oneSigma>0.406805790808259</oneSigma>
      <fracCorr>false</fracCorr>
      <oxideCorr>false</oxideCorr>
    </MeasuredRatioModel>
    <MeasuredRatioModel>
      <name>208_204</name>
      <value>414.360154166713</value>
      <uncertaintyType>PCT</uncertaintyType>
      <oneSigma>0.402743745265319</oneSigma>
      <fracCorr>false</fracCorr>
      <oxideCorr>false</oxideCorr>
    </MeasuredRatioModel>
    <MeasuredRatioModel>
      <name>206_207</name>
      <value>19.6966047639646</value>
      <uncertaintyType>PCT</uncertaintyType>
      <oneSigma>0.0495549801920428</oneSigma>
      <fracCorr>false</fracCorr>
      <oxideCorr>false</oxideCorr>
    </MeasuredRatioModel>
    <MeasuredRatioModel>
      <name>206_208</name>
      <value>8.26468720102364</value>
      <uncertaintyType>PCT</uncertaintyType>
      <oneSigma>0.0330836654257229</oneSigma>
      <fracCorr>false</fracCorr>
      <oxideCorr>false</oxideCorr>
    </MeasuredRatioModel>
    <MeasuredRatioModel>
      <name>204_205</name>
      <value>0.000418073775746733</value>
      <uncertaintyType>PCT</uncertaintyType>
      <oneSigma>0.407271756633074</oneSigma>
      <fracCorr>false</fracCorr>
      <oxideCorr>false</oxideCorr>
    </MeasuredRatioModel>
    <MeasuredRatioModel>
      <name>206_205</name>
      <value>1.42825763051221</value>
      <uncertaintyType>PCT</uncertaintyType>
      <oneSigma>0.0103924393546021</oneSigma>
      <fracCorr>false</fracCorr>
      <oxideCorr>false</oxideCorr>
    </MeasuredRatioModel>
    <MeasuredRatioModel>
      <name>207_205</name>
      <value>0.0725154359513999</value>
      <uncertaintyType>PCT</uncertaintyType>
      <oneSigma>0.0487350941905429</oneSigma>
      <fracCorr>false</fracCorr>
      <oxideCorr>false</oxideCorr>
    </MeasuredRatioModel>
    <MeasuredRatioModel>
      <name>208_205</name>
      <value>0.17281707503867</value>
      <uncertaintyType>PCT</uncertaintyType>
      <oneSigma>0.0320739280993365</oneSigma>
      <fracCorr>false</fracCorr>
      <oxideCorr>false</oxideCorr>
    </MeasuredRatioModel>
    <MeasuredRatioModel>
      <name>202_205</name>
      <value>0.0</value>
      <uncertaintyType>PCT</uncertaintyType>
      <oneSigma>0.0</oneSigma>
      <fracCorr>false</fracCorr>
      <oxideCorr>false</oxideCorr>
    </MeasuredRatioModel>
    <MeasuredRatioModel>
      <name>233_236</name>
      <value>0.0</value>
      <uncertaintyType>PCT</uncertaintyType>
      <oneSigma>0.0</oneSigma>
      <fracCorr>false</fracCorr>
      <oxideCorr>false</oxideCorr>
    </MeasuredRatioModel>
    <MeasuredRatioModel>
      <name>238_235</name>
      <value>0.0</value>
      <uncertaintyType>PCT</uncertaintyType>
      <oneSigma>0.0</oneSigma>
      <fracCorr>false</fracCorr>
      <oxideCorr>false</oxideCorr>
    </MeasuredRatioModel>
    <MeasuredRatioModel>
      <name>233_235</name>
      <value>0.0</value>
      <uncertaintyType>PCT</uncertaintyType>
      <oneSigma>0.0</oneSigma>
      <fracCorr>false</fracCorr>
      <oxideCorr>false</oxideCorr>
    </MeasuredRatioModel>
    <MeasuredRatioModel>
      <name>238_233</name>
      <value>0.0</value>
      <uncertaintyType>PCT</uncertaintyType>
      <oneSigma>0.0</oneSigma>
      <fracCorr>false</fracCorr>
      <oxideCorr>false</oxideCorr>
    </MeasuredRatioModel>
  </measuredRatios>
  <meanAlphaU>0.0</meanAlphaU>
  <meanAlphaPb>0.0</meanAlphaPb>
  <r18O16O>0.00205</r18O16O>
  <labUBlankMass>0</labUBlankMass>
  <r238235b>0</r238235b>
  <r238235s>0</r238235s>
  <tracerMass>0</tracerMass>
</UPbReduxFraction>