<?xml version="1.0" encoding="utf-8"?>
<!--    *****************************************************************************
    * This XML file was generated by U-Pb_Redux.                                *
    * For more info, visit http://www.earth-time.org/projects/upb/              *
    *****************************************************************************
-->
<UPbReduxFraction xmlns="http://www.earth-time.org"
        xmlns:xs="http://www.w3.org/2001/XMLSchema"
        xmlns:xsi="http://www.w3.org/2001/XMLSchema-instance"
        xsi:schemaLocation="http://www.earth-time.org
                            http://earth-time.org/projects/upb/public_data/XSD/UPbReduxInputXMLSchema.xsd">
  <sampleName>CM1</sampleName>
  <fractionID>z1</fractionID>
  <grainID>z1</grainID>
  <ratioType>Pb</ratioType>
  <pedigree>Z:\noahmclean On My Mac\MIT\Redux Work\Synthetic Data\CM1\CM1 Data\CM1_z1_Pb.xls.trip</pedigree>
  <measuredRatios>
    <MeasuredRatioModel>
      <name>r206_204m</name>
      <value>4584.59704626002</value>
      <uncertaintyType>PCT</uncertaintyType>
      <oneSigma>0.370434802782485</oneSigma>
      <fracCorr>false</fracCorr>
      <oxideCorr>false</oxideCorr>
    </MeasuredRatioModel>
    <MeasuredRatioModel>
      <name>r207_204m</name>
      <value>229.497800490753</value>
      <uncertaintyType>PCT</uncertaintyType>
      <oneSigma>0.371172110008066</oneSigma>
      <fracCorr>false</fracCorr>
      <oxideCorr>false</oxideCorr>
    </MeasuredRatioModel>
    <MeasuredRatioModel>
      <name>r208_204m</name>
      <value>597.859152214478</value>
      <uncertaintyType>PCT</uncertaintyType>
      <oneSigma>0.370489080074611</oneSigma>
      <fracCorr>false</fracCorr>
      <oxideCorr>false</oxideCorr>
    </MeasuredRatioModel>
    <MeasuredRatioModel>
      <name>r206_207m</name>
      <value>19.9769016746281</value>
      <uncertaintyType>PCT</uncertaintyType>
      <oneSigma>0.0352248533710735</oneSigma>
      <fracCorr>false</fracCorr>
      <oxideCorr>false</oxideCorr>
    </MeasuredRatioModel>
    <MeasuredRatioModel>
      <name>r206_208m</name>
      <value>7.66838744972735</value>
      <uncertaintyType>PCT</uncertaintyType>
      <oneSigma>0.0220673080619556</oneSigma>
      <fracCorr>false</fracCorr>
      <oxideCorr>false</oxideCorr>
    </MeasuredRatioModel>
    <MeasuredRatioModel>
      <name>r204_205m</name>
      <value>0.000593772637428406</value>
      <uncertaintyType>PCT</uncertaintyType>
      <oneSigma>0.366618641235459</oneSigma>
      <fracCorr>false</fracCorr>
      <oxideCorr>false</oxideCorr>
    </MeasuredRatioModel>
    <MeasuredRatioModel>
      <name>r206_205m</name>
      <value>2.71670814958572</value>
      <uncertaintyType>PCT</uncertaintyType>
      <oneSigma>0.00768828691610774</oneSigma>
      <fracCorr>false</fracCorr>
      <oxideCorr>false</oxideCorr>
    </MeasuredRatioModel>
    <MeasuredRatioModel>
      <name>r207_205m</name>
      <value>0.135994861542234</value>
      <uncertaintyType>PCT</uncertaintyType>
      <oneSigma>0.0343749040899191</oneSigma>
      <fracCorr>false</fracCorr>
      <oxideCorr>false</oxideCorr>
    </MeasuredRatioModel>
    <MeasuredRatioModel>
      <name>r208_205m</name>
      <value>0.354275974697348</value>
      <uncertaintyType>PCT</uncertaintyType>
      <oneSigma>0.0206499525791299</oneSigma>
      <fracCorr>false</fracCorr>
      <oxideCorr>false</oxideCorr>
    </MeasuredRatioModel>
    <MeasuredRatioModel>
      <name>r202_205m</name>
      <value>0.000000000000000</value>
      <uncertaintyType>PCT</uncertaintyType>
      <oneSigma>0.000000000000000</oneSigma>
      <fracCorr>false</fracCorr>
      <oxideCorr>false</oxideCorr>
    </MeasuredRatioModel>
    <MeasuredRatioModel>
      <name>r233_236m</name>
      <value>0.000000000000000</value>
      <uncertaintyType>PCT</uncertaintyType>
      <oneSigma>0.000000000000000</oneSigma>
      <fracCorr>false</fracCorr>
      <oxideCorr>false</oxideCorr>
    </MeasuredRatioModel>
    <MeasuredRatioModel>
      <name>r238_235m</name>
      <value>2.40914815099013</value>
      <uncertaintyType>PCT</uncertaintyType>
      <oneSigma>0.00118939105317633</oneSigma>
      <fracCorr>false</fracCorr>
      <oxideCorr>true</oxideCorr>
    </MeasuredRatioModel>
    <MeasuredRatioModel>
      <name>r233_235m</name>
      <value>0.979268402865571</value>
      <uncertaintyType>PCT</uncertaintyType>
      <oneSigma>0.00125165229042751</oneSigma>
      <fracCorr>false</fracCorr>
      <oxideCorr>true</oxideCorr>
    </MeasuredRatioModel>
    <MeasuredRatioModel>
      <name>r238_233m</name>
      <value>2.46015106434404</value>
      <uncertaintyType>PCT</uncertaintyType>
      <oneSigma>0.00166693221461922</oneSigma>
      <fracCorr>false</fracCorr>
      <oxideCorr>true</oxideCorr>
    </MeasuredRatioModel>
  </measuredRatios>
  <meanAlphaU>0.0</meanAlphaU>
  <meanAlphaPb>0.0</meanAlphaPb>
  <r18O16O>0.00205</r18O16O>
  <labUBlankMass>0.0000000000001</labUBlankMass>
  <r238235b>137.88</r238235b>
  <r238235s>137.88</r238235s>
  <tracerMass>0.0089</tracerMass>
  <tracer>
    <tracerName>ET535</tracerName>
    <versionNumber>2</versionNumber>
    <tracerType>mixed 205-233-235</tracerType>
    <labName>EARTHTIME</labName>
    <dateCertified>2008-03-01</dateCertified>
    <ratios>
      <ValueModel>
        <name>r206_204t</name>
        <value>3.7604</value>
        <uncertaintyType>PCT</uncertaintyType>
        <oneSigma>0.22</oneSigma>
      </ValueModel>
      <ValueModel>
        <name>r207_204t</name>
        <value>3.04337973454192</value>
        <uncertaintyType>PCT</uncertaintyType>
        <oneSigma>0.22</oneSigma>
      </ValueModel>
      <ValueModel>
        <name>r208_204t</name>
        <value>7.47549847921595</value>
        <uncertaintyType>PCT</uncertaintyType>
        <oneSigma>0.21</oneSigma>
      </ValueModel>
      <ValueModel>
        <name>r207_206t</name>
        <value>0.809323405632891</value>
        <uncertaintyType>PCT</uncertaintyType>
        <oneSigma>0.16</oneSigma>
      </ValueModel>
      <ValueModel>
        <name>r206_208t</name>
        <value>0.50303</value>
        <uncertaintyType>PCT</uncertaintyType>
        <oneSigma>0.13</oneSigma>
      </ValueModel>
      <ValueModel>
        <name>r204_205t</name>
        <value>0.0000914822891181789</value>
        <uncertaintyType>PCT</uncertaintyType>
        <oneSigma>0.19</oneSigma>
      </ValueModel>
      <ValueModel>
        <name>r206_205t</name>
        <value>0.00034401</value>
        <uncertaintyType>PCT</uncertaintyType>
        <oneSigma>0.10</oneSigma>
      </ValueModel>
      <ValueModel>
        <name>r207_205t</name>
        <value>0.000278415344771771</value>
        <uncertaintyType>PCT</uncertaintyType>
        <oneSigma>0.19</oneSigma>
      </ValueModel>
      <ValueModel>
        <name>r208_205t</name>
        <value>0.00068387571317814</value>
        <uncertaintyType>PCT</uncertaintyType>
        <oneSigma>0.16</oneSigma>
      </ValueModel>
      <ValueModel>
        <name>r202_205t</name>
        <value>0.000000000000000</value>
        <uncertaintyType>PCT</uncertaintyType>
        <oneSigma>0.000000000000000</oneSigma>
      </ValueModel>
      <ValueModel>
        <name>r238_235t</name>
        <value>0.003087</value>
        <uncertaintyType>PCT</uncertaintyType>
        <oneSigma>0.016</oneSigma>
      </ValueModel>
      <ValueModel>
        <name>r233_235t</name>
        <value>0.99464</value>
        <uncertaintyType>PCT</uncertaintyType>
        <oneSigma>0.016</oneSigma>
      </ValueModel>
      <ValueModel>
        <name>r238_233t</name>
        <value>0.00310363548620606</value>
        <uncertaintyType>PCT</uncertaintyType>
        <oneSigma>0.016</oneSigma>
      </ValueModel>
      <ValueModel>
        <name>r233_236t</name>
        <value>0.000000000000000</value>
        <uncertaintyType>PCT</uncertaintyType>
        <oneSigma>0.000000000000000</oneSigma>
      </ValueModel>
      <ValueModel>
        <name>r235_205t</name>
        <value>100.180030407097</value>
        <uncertaintyType>PCT</uncertaintyType>
        <oneSigma>0.0041</oneSigma>
      </ValueModel>
    </ratios>
    <isotopeConcentrations>
      <ValueModel>
        <name>concPb205t</name>
        <value>0.0000000000098836685586137</value>
        <uncertaintyType>PCT</uncertaintyType>
        <oneSigma>0.01</oneSigma>
      </ValueModel>
      <ValueModel>
        <name>concU235t</name>
        <value>0.000000000990146216735586</value>
        <uncertaintyType>PCT</uncertaintyType>
        <oneSigma>0.01</oneSigma>
      </ValueModel>
    </isotopeConcentrations>
  </tracer>
</UPbReduxFraction>
