<?xml version="1.0" encoding="utf-8"?>
<UPbReduxFraction xmlns:xsi="http://www.w3.org/2001/XMLSchema-instance" xmlns:xsd="http://www.w3.org/2001/XMLSchema" xmlns="http://www.earth-time.org">
  <sampleName>CM1</sampleName>
  <fractionID>z11</fractionID>
  <ratioType>Pb</ratioType>
  <pedigree>Z:\noahmclean On My Mac\MIT\Redux Work\Synthetic Data\CM1\CM1 Data\CM1_z11_Pb.xls.trip</pedigree>
  <measuredRatios>
    <MeasuredRatioModel>
      <name>206_204</name>
      <value>3153.23308839888</value>
      <uncertaintyType>PCT</uncertaintyType>
      <oneSigma>0.376445849843728</oneSigma>
      <fracCorr>false</fracCorr>
      <oxideCorr>false</oxideCorr>
    </MeasuredRatioModel>
    <MeasuredRatioModel>
      <name>207_204</name>
      <value>160.940760275782</value>
      <uncertaintyType>PCT</uncertaintyType>
      <oneSigma>0.381877542989204</oneSigma>
      <fracCorr>false</fracCorr>
      <oxideCorr>false</oxideCorr>
    </MeasuredRatioModel>
    <MeasuredRatioModel>
      <name>208_204</name>
      <value>341.367403006095</value>
      <uncertaintyType>PCT</uncertaintyType>
      <oneSigma>0.380207143752222</oneSigma>
      <fracCorr>false</fracCorr>
      <oxideCorr>false</oxideCorr>
    </MeasuredRatioModel>
    <MeasuredRatioModel>
      <name>206_207</name>
      <value>19.5940691207429</value>
      <uncertaintyType>PCT</uncertaintyType>
      <oneSigma>0.0523286114991113</oneSigma>
      <fracCorr>false</fracCorr>
      <oxideCorr>false</oxideCorr>
    </MeasuredRatioModel>
    <MeasuredRatioModel>
      <name>206_208</name>
      <value>9.23708831649063</value>
      <uncertaintyType>PCT</uncertaintyType>
      <oneSigma>0.0330478540578424</oneSigma>
      <fracCorr>false</fracCorr>
      <oxideCorr>false</oxideCorr>
    </MeasuredRatioModel>
    <MeasuredRatioModel>
      <name>204_205</name>
      <value>0.000410011352817032</value>
      <uncertaintyType>PCT</uncertaintyType>
      <oneSigma>0.396283707974227</oneSigma>
      <fracCorr>false</fracCorr>
      <oxideCorr>false</oxideCorr>
    </MeasuredRatioModel>
    <MeasuredRatioModel>
      <name>206_205</name>
      <value>1.28987747251614</value>
      <uncertaintyType>PCT</uncertaintyType>
      <oneSigma>0.0112182440710857</oneSigma>
      <fracCorr>false</fracCorr>
      <oxideCorr>false</oxideCorr>
    </MeasuredRatioModel>
    <MeasuredRatioModel>
      <name>207_205</name>
      <value>0.0658325737097906</value>
      <uncertaintyType>PCT</uncertaintyType>
      <oneSigma>0.0514477709720114</oneSigma>
      <fracCorr>false</fracCorr>
      <oxideCorr>false</oxideCorr>
    </MeasuredRatioModel>
    <MeasuredRatioModel>
      <name>208_205</name>
      <value>0.13964314638374</value>
      <uncertaintyType>PCT</uncertaintyType>
      <oneSigma>0.0311388360665174</oneSigma>
      <fracCorr>false</fracCorr>
      <oxideCorr>false</oxideCorr>
    </MeasuredRatioModel>
    <MeasuredRatioModel>
      <name>202_205</name>
      <value>0.0</value>
      <uncertaintyType>PCT</uncertaintyType>
      <oneSigma>0.0</oneSigma>
      <fracCorr>false</fracCorr>
      <oxideCorr>false</oxideCorr>
    </MeasuredRatioModel>
    <MeasuredRatioModel>
      <name>233_236</name>
      <value>0.0</value>
      <uncertaintyType>PCT</uncertaintyType>
      <oneSigma>0.0</oneSigma>
      <fracCorr>false</fracCorr>
      <oxideCorr>false</oxideCorr>
    </MeasuredRatioModel>
    <MeasuredRatioModel>
      <name>238_235</name>
      <value>0.0</value>
      <uncertaintyType>PCT</uncertaintyType>
      <oneSigma>0.0</oneSigma>
      <fracCorr>false</fracCorr>
      <oxideCorr>false</oxideCorr>
    </MeasuredRatioModel>
    <MeasuredRatioModel>
      <name>233_235</name>
      <value>0.0</value>
      <uncertaintyType>PCT</uncertaintyType>
      <oneSigma>0.0</oneSigma>
      <fracCorr>false</fracCorr>
      <oxideCorr>false</oxideCorr>
    </MeasuredRatioModel>
    <MeasuredRatioModel>
      <name>238_233</name>
      <value>0.0</value>
      <uncertaintyType>PCT</uncertaintyType>
      <oneSigma>0.0</oneSigma>
      <fracCorr>false</fracCorr>
      <oxideCorr>false</oxideCorr>
    </MeasuredRatioModel>
  </measuredRatios>
  <meanAlphaU>0.0</meanAlphaU>
  <meanAlphaPb>0.0</meanAlphaPb>
  <r18O16O>0.00205</r18O16O>
  <labUBlankMass>0</labUBlankMass>
  <r238235b>0</r238235b>
  <r238235s>0</r238235s>
  <tracerMass>0</tracerMass>
</UPbReduxFraction>