<?xml version="1.0" encoding="utf-8"?>
<UPbReduxFraction xmlns:xsi="http://www.w3.org/2001/XMLSchema-instance" xmlns:xsd="http://www.w3.org/2001/XMLSchema" xmlns="http://www.earth-time.org">
  <sampleName>CM1</sampleName>
  <fractionID>z12</fractionID>
  <ratioType>Pb</ratioType>
  <pedigree>Z:\noahmclean On My Mac\MIT\Redux Work\Synthetic Data\CM1\CM1 Data\CM1_z12_Pb.xls.trip</pedigree>
  <measuredRatios>
    <MeasuredRatioModel>
      <name>206_204</name>
      <value>3451.36596386732</value>
      <uncertaintyType>PCT</uncertaintyType>
      <oneSigma>0.422805235107986</oneSigma>
      <fracCorr>false</fracCorr>
      <oxideCorr>false</oxideCorr>
    </MeasuredRatioModel>
    <MeasuredRatioModel>
      <name>207_204</name>
      <value>174.511809118164</value>
      <uncertaintyType>PCT</uncertaintyType>
      <oneSigma>0.424212647561717</oneSigma>
      <fracCorr>false</fracCorr>
      <oxideCorr>false</oxideCorr>
    </MeasuredRatioModel>
    <MeasuredRatioModel>
      <name>208_204</name>
      <value>1074.86264325733</value>
      <uncertaintyType>PCT</uncertaintyType>
      <oneSigma>0.424155782434469</oneSigma>
      <fracCorr>false</fracCorr>
      <oxideCorr>false</oxideCorr>
    </MeasuredRatioModel>
    <MeasuredRatioModel>
      <name>206_207</name>
      <value>19.7777788381892</value>
      <uncertaintyType>PCT</uncertaintyType>
      <oneSigma>0.0481134501996052</oneSigma>
      <fracCorr>false</fracCorr>
      <oxideCorr>false</oxideCorr>
    </MeasuredRatioModel>
    <MeasuredRatioModel>
      <name>206_208</name>
      <value>3.21102011631833</value>
      <uncertaintyType>PCT</uncertaintyType>
      <oneSigma>0.0204366339537126</oneSigma>
      <fracCorr>false</fracCorr>
      <oxideCorr>false</oxideCorr>
    </MeasuredRatioModel>
    <MeasuredRatioModel>
      <name>204_205</name>
      <value>0.000324755259666822</value>
      <uncertaintyType>PCT</uncertaintyType>
      <oneSigma>0.421730035702968</oneSigma>
      <fracCorr>false</fracCorr>
      <oxideCorr>false</oxideCorr>
    </MeasuredRatioModel>
    <MeasuredRatioModel>
      <name>206_205</name>
      <value>1.11787766633624</value>
      <uncertaintyType>PCT</uncertaintyType>
      <oneSigma>0.010748427637288</oneSigma>
      <fracCorr>false</fracCorr>
      <oxideCorr>false</oxideCorr>
    </MeasuredRatioModel>
    <MeasuredRatioModel>
      <name>207_205</name>
      <value>0.0565237618712628</value>
      <uncertaintyType>PCT</uncertaintyType>
      <oneSigma>0.0471040342766213</oneSigma>
      <fracCorr>false</fracCorr>
      <oxideCorr>false</oxideCorr>
    </MeasuredRatioModel>
    <MeasuredRatioModel>
      <name>208_205</name>
      <value>0.348139455659806</value>
      <uncertaintyType>PCT</uncertaintyType>
      <oneSigma>0.0177158827822882</oneSigma>
      <fracCorr>false</fracCorr>
      <oxideCorr>false</oxideCorr>
    </MeasuredRatioModel>
    <MeasuredRatioModel>
      <name>202_205</name>
      <value>0.0</value>
      <uncertaintyType>PCT</uncertaintyType>
      <oneSigma>0.0</oneSigma>
      <fracCorr>false</fracCorr>
      <oxideCorr>false</oxideCorr>
    </MeasuredRatioModel>
    <MeasuredRatioModel>
      <name>233_236</name>
      <value>0.0</value>
      <uncertaintyType>PCT</uncertaintyType>
      <oneSigma>0.0</oneSigma>
      <fracCorr>false</fracCorr>
      <oxideCorr>false</oxideCorr>
    </MeasuredRatioModel>
    <MeasuredRatioModel>
      <name>238_235</name>
      <value>0.0</value>
      <uncertaintyType>PCT</uncertaintyType>
      <oneSigma>0.0</oneSigma>
      <fracCorr>false</fracCorr>
      <oxideCorr>false</oxideCorr>
    </MeasuredRatioModel>
    <MeasuredRatioModel>
      <name>233_235</name>
      <value>0.0</value>
      <uncertaintyType>PCT</uncertaintyType>
      <oneSigma>0.0</oneSigma>
      <fracCorr>false</fracCorr>
      <oxideCorr>false</oxideCorr>
    </MeasuredRatioModel>
    <MeasuredRatioModel>
      <name>238_233</name>
      <value>0.0</value>
      <uncertaintyType>PCT</uncertaintyType>
      <oneSigma>0.0</oneSigma>
      <fracCorr>false</fracCorr>
      <oxideCorr>false</oxideCorr>
    </MeasuredRatioModel>
  </measuredRatios>
  <meanAlphaU>0.0</meanAlphaU>
  <meanAlphaPb>0.0</meanAlphaPb>
  <r18O16O>0.00205</r18O16O>
  <labUBlankMass>0</labUBlankMass>
  <r238235b>0</r238235b>
  <r238235s>0</r238235s>
  <tracerMass>0</tracerMass>
</UPbReduxFraction>