<?xml version="1.0" encoding="utf-8"?>
<UPbReduxFraction xmlns:xsi="http://www.w3.org/2001/XMLSchema-instance" xmlns:xsd="http://www.w3.org/2001/XMLSchema" xmlns="http://www.earth-time.org">
  <sampleName>CM1</sampleName>
  <fractionID>z15</fractionID>
  <ratioType>Pb</ratioType>
  <pedigree>Z:\noahmclean On My Mac\MIT\Redux Work\Synthetic Data\CM1\CM1 Data\CM1_z15_Pb.xls.trip</pedigree>
  <measuredRatios>
    <MeasuredRatioModel>
      <name>206_204</name>
      <value>4620.28614428433</value>
      <uncertaintyType>PCT</uncertaintyType>
      <oneSigma>0.408960852336977</oneSigma>
      <fracCorr>false</fracCorr>
      <oxideCorr>false</oxideCorr>
    </MeasuredRatioModel>
    <MeasuredRatioModel>
      <name>207_204</name>
      <value>230.183715912632</value>
      <uncertaintyType>PCT</uncertaintyType>
      <oneSigma>0.411881228471286</oneSigma>
      <fracCorr>false</fracCorr>
      <oxideCorr>false</oxideCorr>
    </MeasuredRatioModel>
    <MeasuredRatioModel>
      <name>208_204</name>
      <value>266.852065874981</value>
      <uncertaintyType>PCT</uncertaintyType>
      <oneSigma>0.409958505633279</oneSigma>
      <fracCorr>false</fracCorr>
      <oxideCorr>false</oxideCorr>
    </MeasuredRatioModel>
    <MeasuredRatioModel>
      <name>206_207</name>
      <value>20.0727790715232</value>
      <uncertaintyType>PCT</uncertaintyType>
      <oneSigma>0.0413799300784843</oneSigma>
      <fracCorr>false</fracCorr>
      <oxideCorr>false</oxideCorr>
    </MeasuredRatioModel>
    <MeasuredRatioModel>
      <name>206_208</name>
      <value>17.3143182269814</value>
      <uncertaintyType>PCT</uncertaintyType>
      <oneSigma>0.0380437716956433</oneSigma>
      <fracCorr>false</fracCorr>
      <oxideCorr>false</oxideCorr>
    </MeasuredRatioModel>
    <MeasuredRatioModel>
      <name>204_205</name>
      <value>0.000368834561175114</value>
      <uncertaintyType>PCT</uncertaintyType>
      <oneSigma>0.405452905607246</oneSigma>
      <fracCorr>false</fracCorr>
      <oxideCorr>false</oxideCorr>
    </MeasuredRatioModel>
    <MeasuredRatioModel>
      <name>206_205</name>
      <value>1.69992246118462</value>
      <uncertaintyType>PCT</uncertaintyType>
      <oneSigma>0.00873332796376393</oneSigma>
      <fracCorr>false</fracCorr>
      <oxideCorr>false</oxideCorr>
    </MeasuredRatioModel>
    <MeasuredRatioModel>
      <name>207_205</name>
      <value>0.084689974576845</value>
      <uncertaintyType>PCT</uncertaintyType>
      <oneSigma>0.0397032645976439</oneSigma>
      <fracCorr>false</fracCorr>
      <oxideCorr>false</oxideCorr>
    </MeasuredRatioModel>
    <MeasuredRatioModel>
      <name>208_205</name>
      <value>0.0981822057927611</value>
      <uncertaintyType>PCT</uncertaintyType>
      <oneSigma>0.0378264497960194</oneSigma>
      <fracCorr>false</fracCorr>
      <oxideCorr>false</oxideCorr>
    </MeasuredRatioModel>
    <MeasuredRatioModel>
      <name>202_205</name>
      <value>0.0</value>
      <uncertaintyType>PCT</uncertaintyType>
      <oneSigma>0.0</oneSigma>
      <fracCorr>false</fracCorr>
      <oxideCorr>false</oxideCorr>
    </MeasuredRatioModel>
    <MeasuredRatioModel>
      <name>233_236</name>
      <value>0.0</value>
      <uncertaintyType>PCT</uncertaintyType>
      <oneSigma>0.0</oneSigma>
      <fracCorr>false</fracCorr>
      <oxideCorr>false</oxideCorr>
    </MeasuredRatioModel>
    <MeasuredRatioModel>
      <name>238_235</name>
      <value>0.0</value>
      <uncertaintyType>PCT</uncertaintyType>
      <oneSigma>0.0</oneSigma>
      <fracCorr>false</fracCorr>
      <oxideCorr>false</oxideCorr>
    </MeasuredRatioModel>
    <MeasuredRatioModel>
      <name>233_235</name>
      <value>0.0</value>
      <uncertaintyType>PCT</uncertaintyType>
      <oneSigma>0.0</oneSigma>
      <fracCorr>false</fracCorr>
      <oxideCorr>false</oxideCorr>
    </MeasuredRatioModel>
    <MeasuredRatioModel>
      <name>238_233</name>
      <value>0.0</value>
      <uncertaintyType>PCT</uncertaintyType>
      <oneSigma>0.0</oneSigma>
      <fracCorr>false</fracCorr>
      <oxideCorr>false</oxideCorr>
    </MeasuredRatioModel>
  </measuredRatios>
  <meanAlphaU>0.0</meanAlphaU>
  <meanAlphaPb>0.0</meanAlphaPb>
  <r18O16O>0.00205</r18O16O>
  <labUBlankMass>0</labUBlankMass>
  <r238235b>0</r238235b>
  <r238235s>0</r238235s>
  <tracerMass>0</tracerMass>
</UPbReduxFraction>