<?xml version="1.0" encoding="utf-8"?>
<!--    *****************************************************************************
    * This XML file was generated by U-Pb_Redux.                                *
    * For more info, visit http://www.earth-time.org/projects/upb/              *
    *****************************************************************************
-->
<UPbReduxFraction xmlns="http://www.earth-time.org"
        xmlns:xs="http://www.w3.org/2001/XMLSchema"
        xmlns:xsi="http://www.w3.org/2001/XMLSchema-instance"
        xsi:schemaLocation="http://www.earth-time.org
                            http://earth-time.org/projects/upb/public_data/XSD/UPbReduxInputXMLSchema.xsd">
  <sampleName>CM1</sampleName>
  <fractionID>z3</fractionID>
  <grainID>z3</grainID>
  <ratioType>Pb</ratioType>
  <pedigree>Z:\noahmclean On My Mac\MIT\Redux Work\Synthetic Data\CM1\CM1 Data\CM1_z3_Pb.xls.trip</pedigree>
  <measuredRatios>
    <MeasuredRatioModel>
      <name>r206_204m</name>
      <value>2763.25245904936</value>
      <uncertaintyType>PCT</uncertaintyType>
      <oneSigma>0.358463279775921</oneSigma>
      <fracCorr>false</fracCorr>
      <oxideCorr>false</oxideCorr>
    </MeasuredRatioModel>
    <MeasuredRatioModel>
      <name>r207_204m</name>
      <value>143.174166360457</value>
      <uncertaintyType>PCT</uncertaintyType>
      <oneSigma>0.357505737766548</oneSigma>
      <fracCorr>false</fracCorr>
      <oxideCorr>false</oxideCorr>
    </MeasuredRatioModel>
    <MeasuredRatioModel>
      <name>r208_204m</name>
      <value>917.972140911651</value>
      <uncertaintyType>PCT</uncertaintyType>
      <oneSigma>0.359657727703503</oneSigma>
      <fracCorr>false</fracCorr>
      <oxideCorr>false</oxideCorr>
    </MeasuredRatioModel>
    <MeasuredRatioModel>
      <name>r206_207m</name>
      <value>19.3002026151272</value>
      <uncertaintyType>PCT</uncertaintyType>
      <oneSigma>0.0462978842487272</oneSigma>
      <fracCorr>false</fracCorr>
      <oxideCorr>false</oxideCorr>
    </MeasuredRatioModel>
    <MeasuredRatioModel>
      <name>r206_208m</name>
      <value>3.0101991980815</value>
      <uncertaintyType>PCT</uncertaintyType>
      <oneSigma>0.0184978460779932</oneSigma>
      <fracCorr>false</fracCorr>
      <oxideCorr>false</oxideCorr>
    </MeasuredRatioModel>
    <MeasuredRatioModel>
      <name>r204_205m</name>
      <value>0.000514748563265624</value>
      <uncertaintyType>PCT</uncertaintyType>
      <oneSigma>0.357643859816772</oneSigma>
      <fracCorr>false</fracCorr>
      <oxideCorr>false</oxideCorr>
    </MeasuredRatioModel>
    <MeasuredRatioModel>
      <name>r206_205m</name>
      <value>1.41966908408124</value>
      <uncertaintyType>PCT</uncertaintyType>
      <oneSigma>0.00914937980232068</oneSigma>
      <fracCorr>false</fracCorr>
      <oxideCorr>false</oxideCorr>
    </MeasuredRatioModel>
    <MeasuredRatioModel>
      <name>r207_205m</name>
      <value>0.0735595205199249</value>
      <uncertaintyType>PCT</uncertaintyType>
      <oneSigma>0.0464189386106042</oneSigma>
      <fracCorr>false</fracCorr>
      <oxideCorr>false</oxideCorr>
    </MeasuredRatioModel>
    <MeasuredRatioModel>
      <name>r208_205m</name>
      <value>0.471621587369604</value>
      <uncertaintyType>PCT</uncertaintyType>
      <oneSigma>0.0171339201489824</oneSigma>
      <fracCorr>false</fracCorr>
      <oxideCorr>false</oxideCorr>
    </MeasuredRatioModel>
    <MeasuredRatioModel>
      <name>r202_205m</name>
      <value>0.000000000000000</value>
      <uncertaintyType>PCT</uncertaintyType>
      <oneSigma>0.000000000000000</oneSigma>
      <fracCorr>false</fracCorr>
      <oxideCorr>false</oxideCorr>
    </MeasuredRatioModel>
    <MeasuredRatioModel>
      <name>r233_236m</name>
      <value>0.000000000000000</value>
      <uncertaintyType>PCT</uncertaintyType>
      <oneSigma>0.000000000000000</oneSigma>
      <fracCorr>false</fracCorr>
      <oxideCorr>false</oxideCorr>
    </MeasuredRatioModel>
    <MeasuredRatioModel>
      <name>r238_235m</name>
      <value>1.26764939165422</value>
      <uncertaintyType>PCT</uncertaintyType>
      <oneSigma>0.00112994398084346</oneSigma>
      <fracCorr>false</fracCorr>
      <oxideCorr>true</oxideCorr>
    </MeasuredRatioModel>
    <MeasuredRatioModel>
      <name>r233_235m</name>
      <value>0.987704453167587</value>
      <uncertaintyType>PCT</uncertaintyType>
      <oneSigma>0.00122325956827121</oneSigma>
      <fracCorr>false</fracCorr>
      <oxideCorr>true</oxideCorr>
    </MeasuredRatioModel>
    <MeasuredRatioModel>
      <name>r238_233m</name>
      <value>1.28342988901613</value>
      <uncertaintyType>PCT</uncertaintyType>
      <oneSigma>0.00155994547470883</oneSigma>
      <fracCorr>false</fracCorr>
      <oxideCorr>true</oxideCorr>
    </MeasuredRatioModel>
  </measuredRatios>
  <meanAlphaU>0.0</meanAlphaU>
  <meanAlphaPb>0.0</meanAlphaPb>
  <r18O16O>0.00205</r18O16O>
  <labUBlankMass>0.0000000000001</labUBlankMass>
  <r238235b>137.88</r238235b>
  <r238235s>137.88</r238235s>
  <tracerMass>0.01042</tracerMass>
  <tracer>
    <tracerName>ET535</tracerName>
    <versionNumber>2</versionNumber>
    <tracerType>mixed 205-233-235</tracerType>
    <labName>EARTHTIME</labName>
    <dateCertified>2008-03-01</dateCertified>
    <ratios>
      <ValueModel>
        <name>r206_204t</name>
        <value>3.7604</value>
        <uncertaintyType>PCT</uncertaintyType>
        <oneSigma>0.22</oneSigma>
      </ValueModel>
      <ValueModel>
        <name>r207_204t</name>
        <value>3.04337973454192</value>
        <uncertaintyType>PCT</uncertaintyType>
        <oneSigma>0.22</oneSigma>
      </ValueModel>
      <ValueModel>
        <name>r208_204t</name>
        <value>7.47549847921595</value>
        <uncertaintyType>PCT</uncertaintyType>
        <oneSigma>0.21</oneSigma>
      </ValueModel>
      <ValueModel>
        <name>r207_206t</name>
        <value>0.809323405632891</value>
        <uncertaintyType>PCT</uncertaintyType>
        <oneSigma>0.16</oneSigma>
      </ValueModel>
      <ValueModel>
        <name>r206_208t</name>
        <value>0.50303</value>
        <uncertaintyType>PCT</uncertaintyType>
        <oneSigma>0.13</oneSigma>
      </ValueModel>
      <ValueModel>
        <name>r204_205t</name>
        <value>0.0000914822891181789</value>
        <uncertaintyType>PCT</uncertaintyType>
        <oneSigma>0.19</oneSigma>
      </ValueModel>
      <ValueModel>
        <name>r206_205t</name>
        <value>0.00034401</value>
        <uncertaintyType>PCT</uncertaintyType>
        <oneSigma>0.10</oneSigma>
      </ValueModel>
      <ValueModel>
        <name>r207_205t</name>
        <value>0.000278415344771771</value>
        <uncertaintyType>PCT</uncertaintyType>
        <oneSigma>0.19</oneSigma>
      </ValueModel>
      <ValueModel>
        <name>r208_205t</name>
        <value>0.00068387571317814</value>
        <uncertaintyType>PCT</uncertaintyType>
        <oneSigma>0.16</oneSigma>
      </ValueModel>
      <ValueModel>
        <name>r202_205t</name>
        <value>0.000000000000000</value>
        <uncertaintyType>PCT</uncertaintyType>
        <oneSigma>0.000000000000000</oneSigma>
      </ValueModel>
      <ValueModel>
        <name>r238_235t</name>
        <value>0.003087</value>
        <uncertaintyType>PCT</uncertaintyType>
        <oneSigma>0.016</oneSigma>
      </ValueModel>
      <ValueModel>
        <name>r233_235t</name>
        <value>0.99464</value>
        <uncertaintyType>PCT</uncertaintyType>
        <oneSigma>0.016</oneSigma>
      </ValueModel>
      <ValueModel>
        <name>r238_233t</name>
        <value>0.00310363548620606</value>
        <uncertaintyType>PCT</uncertaintyType>
        <oneSigma>0.016</oneSigma>
      </ValueModel>
      <ValueModel>
        <name>r233_236t</name>
        <value>0.000000000000000</value>
        <uncertaintyType>PCT</uncertaintyType>
        <oneSigma>0.000000000000000</oneSigma>
      </ValueModel>
      <ValueModel>
        <name>r235_205t</name>
        <value>100.180030407097</value>
        <uncertaintyType>PCT</uncertaintyType>
        <oneSigma>0.0041</oneSigma>
      </ValueModel>
    </ratios>
    <isotopeConcentrations>
      <ValueModel>
        <name>concPb205t</name>
        <value>0.0000000000098836685586137</value>
        <uncertaintyType>PCT</uncertaintyType>
        <oneSigma>0.01</oneSigma>
      </ValueModel>
      <ValueModel>
        <name>concU235t</name>
        <value>0.000000000990146216735586</value>
        <uncertaintyType>PCT</uncertaintyType>
        <oneSigma>0.01</oneSigma>
      </ValueModel>
    </isotopeConcentrations>
  </tracer>
</UPbReduxFraction>
