<?xml version="1.0" encoding="utf-8"?>
<!--    *****************************************************************************
    * This XML file was generated by U-Pb_Redux.                                *
    * For more info, visit http://www.earth-time.org/projects/upb/              *
    *****************************************************************************
-->
<UPbReduxFraction xmlns="http://www.earth-time.org"
        xmlns:xs="http://www.w3.org/2001/XMLSchema"
        xmlns:xsi="http://www.w3.org/2001/XMLSchema-instance"
        xsi:schemaLocation="http://www.earth-time.org
                            http://earth-time.org/projects/upb/public_data/XSD/UPbReduxInputXMLSchema.xsd">
  <sampleName>CM1</sampleName>
  <fractionID>z15</fractionID>
  <grainID>z15</grainID>
  <ratioType>U</ratioType>
  <pedigree>Z:\noahmclean On My Mac\MIT\Redux Work\Synthetic Data\CM1\CM1 Data\CM1_z15_Pb.xls.trip</pedigree>
  <measuredRatios>
    <MeasuredRatioModel>
      <name>r206_204m</name>
      <value>4620.28614428433</value>
      <uncertaintyType>PCT</uncertaintyType>
      <oneSigma>0.408960852336977</oneSigma>
      <fracCorr>false</fracCorr>
      <oxideCorr>false</oxideCorr>
    </MeasuredRatioModel>
    <MeasuredRatioModel>
      <name>r207_204m</name>
      <value>230.183715912632</value>
      <uncertaintyType>PCT</uncertaintyType>
      <oneSigma>0.411881228471286</oneSigma>
      <fracCorr>false</fracCorr>
      <oxideCorr>false</oxideCorr>
    </MeasuredRatioModel>
    <MeasuredRatioModel>
      <name>r208_204m</name>
      <value>266.852065874981</value>
      <uncertaintyType>PCT</uncertaintyType>
      <oneSigma>0.409958505633279</oneSigma>
      <fracCorr>false</fracCorr>
      <oxideCorr>false</oxideCorr>
    </MeasuredRatioModel>
    <MeasuredRatioModel>
      <name>r206_207m</name>
      <value>20.0727790715232</value>
      <uncertaintyType>PCT</uncertaintyType>
      <oneSigma>0.0413799300784843</oneSigma>
      <fracCorr>false</fracCorr>
      <oxideCorr>false</oxideCorr>
    </MeasuredRatioModel>
    <MeasuredRatioModel>
      <name>r206_208m</name>
      <value>17.3143182269814</value>
      <uncertaintyType>PCT</uncertaintyType>
      <oneSigma>0.0380437716956433</oneSigma>
      <fracCorr>false</fracCorr>
      <oxideCorr>false</oxideCorr>
    </MeasuredRatioModel>
    <MeasuredRatioModel>
      <name>r204_205m</name>
      <value>0.000368834561175114</value>
      <uncertaintyType>PCT</uncertaintyType>
      <oneSigma>0.405452905607246</oneSigma>
      <fracCorr>false</fracCorr>
      <oxideCorr>false</oxideCorr>
    </MeasuredRatioModel>
    <MeasuredRatioModel>
      <name>r206_205m</name>
      <value>1.69992246118462</value>
      <uncertaintyType>PCT</uncertaintyType>
      <oneSigma>0.00873332796376393</oneSigma>
      <fracCorr>false</fracCorr>
      <oxideCorr>false</oxideCorr>
    </MeasuredRatioModel>
    <MeasuredRatioModel>
      <name>r207_205m</name>
      <value>0.084689974576845</value>
      <uncertaintyType>PCT</uncertaintyType>
      <oneSigma>0.0397032645976439</oneSigma>
      <fracCorr>false</fracCorr>
      <oxideCorr>false</oxideCorr>
    </MeasuredRatioModel>
    <MeasuredRatioModel>
      <name>r208_205m</name>
      <value>0.0981822057927611</value>
      <uncertaintyType>PCT</uncertaintyType>
      <oneSigma>0.0378264497960194</oneSigma>
      <fracCorr>false</fracCorr>
      <oxideCorr>false</oxideCorr>
    </MeasuredRatioModel>
    <MeasuredRatioModel>
      <name>r202_205m</name>
      <value>0.000000000000000</value>
      <uncertaintyType>PCT</uncertaintyType>
      <oneSigma>0.000000000000000</oneSigma>
      <fracCorr>false</fracCorr>
      <oxideCorr>false</oxideCorr>
    </MeasuredRatioModel>
    <MeasuredRatioModel>
      <name>r233_236m</name>
      <value>0.000000000000000</value>
      <uncertaintyType>PCT</uncertaintyType>
      <oneSigma>0.000000000000000</oneSigma>
      <fracCorr>false</fracCorr>
      <oxideCorr>false</oxideCorr>
    </MeasuredRatioModel>
    <MeasuredRatioModel>
      <name>r238_235m</name>
      <value>1.5192964075714</value>
      <uncertaintyType>PCT</uncertaintyType>
      <oneSigma>0.0010749419346429</oneSigma>
      <fracCorr>false</fracCorr>
      <oxideCorr>true</oxideCorr>
    </MeasuredRatioModel>
    <MeasuredRatioModel>
      <name>r233_235m</name>
      <value>0.9856356979848</value>
      <uncertaintyType>PCT</uncertaintyType>
      <oneSigma>0.00106730470636495</oneSigma>
      <fracCorr>false</fracCorr>
      <oxideCorr>true</oxideCorr>
    </MeasuredRatioModel>
    <MeasuredRatioModel>
      <name>r238_233m</name>
      <value>1.54143811854102</value>
      <uncertaintyType>PCT</uncertaintyType>
      <oneSigma>0.00158631615224994</oneSigma>
      <fracCorr>false</fracCorr>
      <oxideCorr>true</oxideCorr>
    </MeasuredRatioModel>
  </measuredRatios>
  <meanAlphaU>0.0</meanAlphaU>
  <meanAlphaPb>0.0</meanAlphaPb>
  <r18O16O>0.00205</r18O16O>
  <labUBlankMass>0.0000000000001</labUBlankMass>
  <r238235b>137.88</r238235b>
  <r238235s>137.88</r238235s>
  <tracerMass>0.0106</tracerMass>
  <tracer>
    <tracerName>ET535</tracerName>
    <versionNumber>2</versionNumber>
    <tracerType>mixed 205-233-235</tracerType>
    <labName>EARTHTIME</labName>
    <dateCertified>2008-03-01</dateCertified>
    <ratios>
      <ValueModel>
        <name>r206_204t</name>
        <value>3.7604</value>
        <uncertaintyType>PCT</uncertaintyType>
        <oneSigma>0.22</oneSigma>
      </ValueModel>
      <ValueModel>
        <name>r207_204t</name>
        <value>3.04337973454192</value>
        <uncertaintyType>PCT</uncertaintyType>
        <oneSigma>0.22</oneSigma>
      </ValueModel>
      <ValueModel>
        <name>r208_204t</name>
        <value>7.47549847921595</value>
        <uncertaintyType>PCT</uncertaintyType>
        <oneSigma>0.21</oneSigma>
      </ValueModel>
      <ValueModel>
        <name>r207_206t</name>
        <value>0.809323405632891</value>
        <uncertaintyType>PCT</uncertaintyType>
        <oneSigma>0.16</oneSigma>
      </ValueModel>
      <ValueModel>
        <name>r206_208t</name>
        <value>0.50303</value>
        <uncertaintyType>PCT</uncertaintyType>
        <oneSigma>0.13</oneSigma>
      </ValueModel>
      <ValueModel>
        <name>r204_205t</name>
        <value>0.0000914822891181789</value>
        <uncertaintyType>PCT</uncertaintyType>
        <oneSigma>0.19</oneSigma>
      </ValueModel>
      <ValueModel>
        <name>r206_205t</name>
        <value>0.00034401</value>
        <uncertaintyType>PCT</uncertaintyType>
        <oneSigma>0.10</oneSigma>
      </ValueModel>
      <ValueModel>
        <name>r207_205t</name>
        <value>0.000278415344771771</value>
        <uncertaintyType>PCT</uncertaintyType>
        <oneSigma>0.19</oneSigma>
      </ValueModel>
      <ValueModel>
        <name>r208_205t</name>
        <value>0.00068387571317814</value>
        <uncertaintyType>PCT</uncertaintyType>
        <oneSigma>0.16</oneSigma>
      </ValueModel>
      <ValueModel>
        <name>r202_205t</name>
        <value>0.000000000000000</value>
        <uncertaintyType>PCT</uncertaintyType>
        <oneSigma>0.000000000000000</oneSigma>
      </ValueModel>
      <ValueModel>
        <name>r238_235t</name>
        <value>0.003087</value>
        <uncertaintyType>PCT</uncertaintyType>
        <oneSigma>0.016</oneSigma>
      </ValueModel>
      <ValueModel>
        <name>r233_235t</name>
        <value>0.99464</value>
        <uncertaintyType>PCT</uncertaintyType>
        <oneSigma>0.016</oneSigma>
      </ValueModel>
      <ValueModel>
        <name>r238_233t</name>
        <value>0.00310363548620606</value>
        <uncertaintyType>PCT</uncertaintyType>
        <oneSigma>0.016</oneSigma>
      </ValueModel>
      <ValueModel>
        <name>r233_236t</name>
        <value>0.000000000000000</value>
        <uncertaintyType>PCT</uncertaintyType>
        <oneSigma>0.000000000000000</oneSigma>
      </ValueModel>
      <ValueModel>
        <name>r235_205t</name>
        <value>100.180030407097</value>
        <uncertaintyType>PCT</uncertaintyType>
        <oneSigma>0.0041</oneSigma>
      </ValueModel>
    </ratios>
    <isotopeConcentrations>
      <ValueModel>
        <name>concPb205t</name>
        <value>0.0000000000098836685586137</value>
        <uncertaintyType>PCT</uncertaintyType>
        <oneSigma>0.01</oneSigma>
      </ValueModel>
      <ValueModel>
        <name>concU235t</name>
        <value>0.000000000990146216735586</value>
        <uncertaintyType>PCT</uncertaintyType>
        <oneSigma>0.01</oneSigma>
      </ValueModel>
    </isotopeConcentrations>
  </tracer>
</UPbReduxFraction>
